"pitch_type","game_date","release_speed","release_pos_x","release_pos_z","player_name","batter","pitcher","events","description","spin_dir","spin_rate_deprecated","break_angle_deprecated","break_length_deprecated","zone","des","game_type","stand","p_throws","home_team","away_team","type","hit_location","bb_type","balls","strikes","game_year","pfx_x","pfx_z","plate_x","plate_z","on_3b","on_2b","on_1b","outs_when_up","inning","inning_topbot","hc_x","hc_y","tfs_deprecated","tfs_zulu_deprecated","umpire","sv_id","vx0","vy0","vz0","ax","ay","az","sz_top","sz_bot","hit_distance_sc","launch_speed","launch_angle","effective_speed","release_spin_rate","release_extension","game_pk","fielder_2","fielder_3","fielder_4","fielder_5","fielder_6","fielder_7","fielder_8","fielder_9","release_pos_y","estimated_ba_using_speedangle","estimated_woba_using_speedangle","woba_value","woba_denom","babip_value","iso_value","launch_speed_angle","at_bat_number","pitch_number","pitch_name","home_score","away_score","bat_score","fld_score","post_away_score","post_home_score","post_bat_score","post_fld_score","if_fielding_alignment","of_fielding_alignment","spin_axis","delta_home_win_exp","delta_run_exp","bat_speed","swing_length","estimated_slg_using_speedangle","delta_pitcher_run_exp","hyper_speed","home_score_diff","bat_score_diff","home_win_exp","bat_win_exp","age_pit_legacy","age_bat_legacy","age_pit","age_bat","n_thruorder_pitcher","n_priorpa_thisgame_player_at_bat","pitcher_days_since_prev_game","batter_days_since_prev_game","pitcher_days_until_next_game","batter_days_until_next_game","api_break_z_with_gravity","api_break_x_arm","api_break_x_batter_in","arm_angle","attack_angle","attack_direction","swing_path_tilt","intercept_ball_minus_batter_pos_x_inches","intercept_ball_minus_batter_pos_y_inches"
"SI","2025-03-06","93.3","-1.79","6.08","Cole, Gerrit",680577,543037,"field_out","hit_into_play",,,,,2,"DaShawn Keirsey Jr. lines out to left fielder Jasson Domínguez.","S","L","R","NYY","MIN","X",7,"line_drive",2,2,2025,"-1.25","1.19","-0.27","3.19",,,,2,3,"Top",84.52,73.68,,,,,6.659306141599409,-135.62589460392746,-4.2160147225889615,-16.974299463271667,32.466019760919814,-16.799349482898496,"3.23","1.63",328,"98.4",21,"92.5",2258,"6.1",779046,669224,502671,665862,665828,683011,691176,663757,641355,"54.4",0.296,,"0",,0,0,5,25,5,"Sinker",0,6,6,0,6,0,6,0,"Infield shade","Standard",204,"0.003","-0.224",,,0.579,"0.224","98.4",-6,6,0.069,0.931,34,28,35,28,2,1,,,,,"1.46","1.25","-1.25",,,,,,
"KC","2025-03-06","80.9","-1.78","6.06","Cole, Gerrit",680577,543037,,"ball",,,,,14,"Ball","S","L","R","NYY","MIN","B",,,1,2,2025,"0.61","-1.24","0.92","1.37",,,,2,3,"Top",,,,,,,4.838208071197595,-117.52517779910889,-1.2608766985930784,4.430649963328573,27.596450336706365,-43.43468648196884,"3.23","1.63",,,,"79.7",2667,"6.1",779046,669224,502671,665862,665828,683011,691176,663757,641355,"54.43",,,,,,,,25,4,"Knuckle Curve",0,6,6,0,6,0,6,0,"Infield shade","Standard",33,"-0.001","0.042",,,,"-0.042",,-6,6,0.07,0.9299999999999999,34,28,35,28,2,1,,,,,"4.8","-0.61","0.61",,,,,,
"CH","2025-03-06","85.9","-1.74","5.99","Cole, Gerrit",680577,543037,,"foul",,,,,2,"Foul","S","L","R","NYY","MIN","S",,,1,1,2025,"-1.48","0.82","-0.19","3.34",,,,2,3,"Top",,,,,,,6.712108361567838,-124.95616409941213,-1.6679985499416226,-16.913200285702583,26.239489507438872,-23.472928774617927,"3.23","1.63",252,"80.2",46,"85.9",1825,"6.4",779046,669224,502671,665862,665828,683011,691176,663757,641355,"54.09",,,,,,,,25,3,"Changeup",0,6,6,0,6,0,6,0,"Standard","Standard",221,"0.001","-0.062","66.2","5.9",,"0.062","88.0",-6,6,0.069,0.931,34,28,35,28,2,1,,,,,"2.28","1.48","-1.48",,-5.152526256342589,22.426840846675887,26.645942415155744,36.63962185228492,12.135764811920804
"SI","2025-03-06","92.5","-1.83","5.93","Cole, Gerrit",680577,543037,,"foul",,,,,5,"Foul","S","L","R","NYY","MIN","S",,,1,0,2025,"-1.24","1.34","0.02","2.28",,,,2,3,"Top",,,,,,,7.415851179386499,-134.35806108363064,-6.400862936578981,-16.645753918701182,29.58893829796614,-14.682490024210143,"3.23","1.63",218,"72.4",29,"92.3",2163,"6.3",779046,669224,502671,665862,665828,683011,691176,663757,641355,"54.17",,,,,,,,25,2,"Sinker",0,6,6,0,6,0,6,0,"Infield shade","Standard",204,"0","-0.054","70.6","6.9",,"0.054","88.0",-6,6,0.069,0.931,34,28,35,28,2,1,,,,,"1.33","1.24","-1.24",,3.395556201222698,10.469744661986738,42.98006677351474,34.174060165977814,17.915897156913562
"KC","2025-03-06","77.8","-1.88","6.06","Cole, Gerrit",680577,543037,,"ball",,,,,11,"Ball","S","L","R","NYY","MIN","B",,,0,0,2025,"0.6","-1.42","-1.68","3.48",,,,2,3,"Top",,,,,,,-0.6753972546193063,-113.08160157906896,4.125612402386796,5.176657244615425,25.052375661211475,-45.332669444410946,"3.23","1.63",,,,"76.7",2658,"6.1",779046,669224,502671,665862,665828,683011,691176,663757,641355,"54.43",,,,,,,,25,1,"Knuckle Curve",0,6,6,0,6,0,6,0,"Infield shade","Standard",36,"0","0.037",,,,"-0.037",,-6,6,0.069,0.931,34,28,35,28,2,1,,,,,"5.26","-0.6","0.6",,,,,,
"FF","2025-03-06","95.3","-1.86","5.98","Cole, Gerrit",681508,543037,"strikeout","called_strike",,,,,8,"Mickey Gasper called out on strikes.","S","L","R","NYY","MIN","S",2,,3,2,2025,"-0.75","1.6","0.12","1.8",,,,1,3,"Top",,,,,,,6.87829502951685,-138.32045648886307,-8.906908919797274,-11.1614756344462,31.19463399556961,-9.83781890706804,"3.11","1.57",,,,"95.1",2358,"6.3",779046,669224,502671,665862,665828,683011,691176,663757,641355,"54.16",,,"0",,0,0,,24,6,"4-Seam Fastball",0,6,6,0,6,0,6,0,"Infield shade","Standard",205,"0.004","-0.332",,,,"0.332",,-6,6,0.065,0.935,34,29,35,30,2,1,,,,,"0.93","0.75","-0.75",,,,,,
"CH","2025-03-06","86.9","-1.79","5.91","Cole, Gerrit",681508,543037,,"ball",,,,,13,"Ball","S","L","R","NYY","MIN","B",,,2,2,2025,"-1.63","0.85","-0.6","1.08",,,,1,3,"Top",,,,,,,6.2078038182414,-126.23563276263057,-7.0824446411531365,-18.721620776743105,26.834448877225224,-21.838873510471846,"3.11","1.57",,,,"86.8",1700,"6.4",779046,669224,502671,665862,665828,683011,691176,663757,641355,"54.05",,,,,,,,24,5,"Changeup",0,6,6,0,6,0,6,0,"Infield shade","Standard",224,"-0.001","0.104",,,,"-0.104",,-6,6,0.066,0.9339999999999999,34,29,35,30,2,1,,,,,"2.19","1.63","-1.63",,,,,,
"FF","2025-03-06","95","-1.84","5.99","Cole, Gerrit",681508,543037,,"ball",,,,,12,"Ball","S","L","R","NYY","MIN","B",,,1,2,2025,"-0.25","1.62","0.15","4.26",,,,1,3,"Top",,,,,,,5.74866162747139,-138.22111356576627,-2.459311844074778,-4.515970543501694,33.03405616172763,-11.096314275959042,"3.11","1.57",,,,"94.5",2383,"6.1",779046,669224,502671,665862,665828,683011,691176,663757,641355,"54.35",,,,,,,,24,4,"4-Seam Fastball",0,6,6,0,6,0,6,0,"Infield shade","Standard",203,"-0.001","0.048",,,,"-0.048",,-6,6,0.067,0.933,34,29,35,30,2,1,,,,,"0.92","0.25","-0.25",,,,,,
"SL","2025-03-06","87.2","-2.03","6.03","Cole, Gerrit",681508,543037,,"called_strike",,,,,13,"Called Strike","S","L","R","NYY","MIN","S",,,1,1,2025,"0.41","0.14","-0.4","1.38",,,,1,3,"Top",,,,,,,3.0731250550207396,-126.88068015587608,-5.2479419844130994,3.705781995488553,27.222723369372677,-29.760730576689824,"3.11","1.57",,,,"86.8",2423,"6.1",779046,669224,502671,665862,665828,683011,691176,663757,641355,"54.37",,,,,,,,24,3,"Slider",0,6,6,0,6,0,6,0,"Infield shade","Standard",158,"0.001","-0.064",,,,"0.064",,-6,6,0.066,0.9339999999999999,34,29,35,30,2,1,,,,,"2.87","-0.41","0.41",,,,,,
"FF","2025-03-06","95","-1.9","6.01","Cole, Gerrit",681508,543037,,"ball",,,,,11,"Ball","S","L","R","NYY","MIN","B",,,0,1,2025,"-0.51","1.54","-1.04","3.46",,,,1,3,"Top",,,,,,,3.4051273241139746,-138.24403225039606,-4.453327179546506,-7.253328107082394,32.432240437270956,-11.618481444781638,"3.11","1.57",,,,"94.7",2349,"6.2",779046,669224,502671,665862,665828,683011,691176,663757,641355,"54.27",,,,,,,,24,2,"4-Seam Fastball",0,6,6,0,6,0,6,0,"Infield shade","Standard",203,"0","0.029",,,,"-0.029",,-6,6,0.066,0.9339999999999999,34,29,35,30,2,1,,,,,"0.99","0.51","-0.51",,,,,,
"CH","2025-03-06","85.3","-1.8","5.97","Cole, Gerrit",681508,543037,,"called_strike",,,,,2,"Called Strike","S","L","R","NYY","MIN","S",,,0,0,2025,"-1.08","0.77","0.17","3.09",,,,1,3,"Top",,,,,,,6.810732162719848,-124.00579782419467,-1.9821948933843516,-12.523977723806528,25.95598945872694,-24.066537693206705,"3.11","1.57",,,,"85.2",1667,"6.4",779046,669224,502671,665862,665828,683011,691176,663757,641355,"54.12",,,,,,,,24,1,"Changeup",0,6,6,0,6,0,6,0,"Infield shade","Standard",218,"0","-0.039",,,,"0.039",,-6,6,0.066,0.9339999999999999,34,29,35,30,2,1,,,,,"2.38","1.08","-1.08",,,,,,
"FF","2025-03-06","94","-1.9","6.07","Cole, Gerrit",686797,543037,"home_run","hit_into_play",,,,,1,"Brooks Lee homers (1) on a fly ball to right field.","S","L","R","NYY","MIN","X",,"fly_ball",3,0,2025,"-0.4","1.39","-0.31","2.79",,,,1,3,"Top",201.15,82.07,,,,,4.989032778674909,-136.65983898078196,-5.823645375503039,-6.094166829264126,31.263790368181716,-13.688205010837548,"3.25","1.64",344,"94.7",28,"93.6",2295,"6.2",779046,669224,502671,665862,665828,683011,691176,663757,641355,"54.29",0.3075,,"2",,0,3,5,23,4,"4-Seam Fastball",0,5,5,0,6,0,6,0,"Infield shade","Standard",209,"-0.031","1.33","71.6","7.4",1.112,"-1.33","94.7",-5,5,0.097,0.903,34,24,35,24,2,1,,,,,"1.2","0.4","-0.4",,13.259174641593152,-13.271131772971314,26.61270381776379,40.1557780073054,30.546169138622908
"KC","2025-03-06","80.5","-1.91","6.07","Cole, Gerrit",686797,543037,,"ball",,,,,13,"Ball","S","L","R","NYY","MIN","B",,,2,0,2025,"0.89","-1.33","-0.5","1.16",,,,1,3,"Top",,,,,,,1.453434072390461,-117.16538856126226,-1.6621483116130193,7.808563988265183,23.89236150424431,-44.19966989389012,"3.25","1.64",,,,"79.8",2677,"6",779046,669224,502671,665862,665828,683011,691176,663757,641355,"54.51",,,,,,,,23,3,"Knuckle Curve",0,5,5,0,5,0,5,0,"Infield shade","Standard",35,"-0.002","0.143",,,,"-0.143",,-5,5,0.099,0.901,34,24,35,24,2,1,,,,,"4.86","-0.89","0.89",,,,,,
"FF","2025-03-06","94.4","-1.93","6.05","Cole, Gerrit",686797,543037,,"ball",,,,,11,"Ball","S","L","R","NYY","MIN","B",,,1,0,2025,"-0.59","1.55","-1.16","3.18",,,,1,3,"Top",,,,,,,3.3299118269615025,-137.30277525419854,-5.200123496626933,-8.218472691412291,31.724113156685753,-11.621987261160475,"3.25","1.64",,,,"94.1",2369,"6.2",779046,669224,502671,665862,665828,683011,691176,663757,641355,"54.29",,,,,,,,23,2,"4-Seam Fastball",0,5,5,0,5,0,5,0,"Infield shade","Standard",209,"-0.001","0.071",,,,"-0.071",,-5,5,0.1,0.9,34,24,35,24,2,1,,,,,"1.02","0.59","-0.59",,,,,,
"FF","2025-03-06","93.6","-1.89","6.02","Cole, Gerrit",686797,543037,,"ball",,,,,13,"Ball","S","L","R","NYY","MIN","B",,,0,0,2025,"-0.76","1.61","-0.48","0.89",,,,1,3,"Top",,,,,,,5.297020225728797,-135.81857103383606,-11.042760945164282,-10.563619820874651,28.650068574027618,-9.998324979721449,"3.25","1.64",,,,"93.7",2298,"6.4",779046,669224,502671,665862,665828,683011,691176,663757,641355,"54.09",,,,,,,,23,1,"4-Seam Fastball",0,5,5,0,5,0,5,0,"Infield shade","Standard",204,"-0.001","0.039",,,,"-0.039",,-5,5,0.101,0.899,34,24,35,24,2,1,,,,,"1","0.76","-0.76",,,,,,
"KC","2025-03-06","79","-1.81","6.2","Cole, Gerrit",666397,543037,"field_out","hit_into_play",,,,,4,"Edouard Julien grounds out, third baseman Oswaldo Cabrera to first baseman Paul Goldschmidt.","S","L","R","NYY","MIN","X",5,"ground_ball",1,0,2025,"0.97","-1.07","-0.42","2.66",,,,0,3,"Top",106.19,156.44,,,,,1.2215818895751585,-115.01680489899618,1.1009076005633356,8.322840896322122,22.094521305662347,-42.086751673967804,"3.23","1.63",32,"100.4",-3,"78.5",2693,"6",779046,669224,502671,665862,665828,683011,691176,663757,641355,"54.5",0.332,,"0",,0,0,2,22,2,"Knuckle Curve",0,5,5,0,5,0,5,0,"Infield shade","Standard",34,"0.008","-0.301","68.6","6.1",0.362,"0.301","100.4",-5,5,0.093,0.907,34,26,35,26,2,1,,,,,"4.73","-0.97","0.97",,-2.190814819888661,27.961360121840535,37.30306124547439,39.10489451234106,19.267791166816327
"KC","2025-03-06","78.2","-1.8","6.19","Cole, Gerrit",666397,543037,,"ball",,,,,13,"Ball","S","L","R","NYY","MIN","B",,,0,0,2025,"0.65","-1.29","-0.01","0.93",,,,0,3,"Top",,,,,,,2.6486129660366675,-113.78992639775213,-2.0152647232015495,5.053177899874737,22.673187662782592,-43.16624774020649,"3.23","1.63",,,,"77.7",2626,"6.2",779046,669224,502671,665862,665828,683011,691176,663757,641355,"54.34",,,,,,,,22,1,"Knuckle Curve",0,5,5,0,5,0,5,0,"Standard","Standard",32,"-0.001","0.041",,,,"-0.041",,-5,5,0.094,0.906,34,26,35,26,2,1,,,,,"5.05","-0.65","0.65",,,,,,
"FF","2025-03-06","96.7","-1.87","6.04","Cole, Gerrit",670242,543037,"home_run","hit_into_play",,,,,5,"Matt Wallner homers (2) on a line drive to right center field. Mickey Gasper scores. DaShawn Keirsey Jr. scores.","S","L","R","NYY","MIN","X",,"line_drive",3,2,2025,"-0.86","1.59","0.17","2.49",,681508,680577,2,2,"Top",169.63,52.47,,,,,7.426799885417472,-140.526650660371,-7.5228982338117545,-13.10399418154687,32.642073494104714,-9.58600786448605,"3.41","1.72",379,"105.5",21,"96.9",2396,"6.5",779046,669224,502671,665862,665828,683011,691176,663757,641355,"53.98",0.6428780487804877,,"2",,0,3,6,15,7,"4-Seam Fastball",0,2,2,0,5,0,5,0,"Standard","Standard",208,"-0.182","1.663","78.0","7.1",2.086951219512195,"-1.663","105.5",-2,2,0.304,0.696,34,27,35,28,2,1,,,,,"0.86","0.86","-0.86",,11.167756567004723,-0.3277045851621522,35.65650525772575,39.62032115387288,35.68916528065808
"KC","2025-03-06","83.6","-1.88","6.16","Cole, Gerrit",670242,543037,,"ball",,,,,12,"Ball","S","L","R","NYY","MIN","B",,,2,2,2025,"0.75","-1.18","0.21","4.04",,681508,680577,2,2,"Top",,,,,,,3.3270066843474853,-121.59377047729163,3.933866019791234,6.680717976502482,26.680849719144376,-44.85641219765572,"3.41","1.72",,,,"82.9",2874,"6.1",779046,669224,502671,665862,665828,683011,691176,663757,641355,"54.35",,,,,,,,15,6,"Knuckle Curve",0,2,2,0,2,0,2,0,"Standard","Standard",39,"-0.006","0.079",,,,"-0.079",,-2,2,0.31,0.69,34,27,35,28,2,1,,,,,"4.47","-0.75","0.75",,,,,,
"CH","2025-03-06","87.4","-1.99","5.96","Cole, Gerrit",670242,543037,,"ball",,,,,11,"Ball","S","L","R","NYY","MIN","B",,,1,2,2025,"-1.35","0.83","-1.84","2.57",,681508,680577,2,2,"Top",,,,,,,3.1462623284299704,-127.36265140598528,-3.7839576675236986,-15.329396278239134,24.781757748633453,-22.585099313186795,"3.41","1.72",,,,"87.9",1722,"6.4",779046,669224,502671,665862,665828,683011,691176,663757,641355,"54.07",,,,,,,,15,5,"Changeup",0,2,2,0,2,0,2,0,"Standard","Standard",226,"-0.006","0.012",,,,"-0.012",,-2,2,0.316,0.6839999999999999,34,27,35,28,2,1,,,,,"2.13","1.35","-1.35",,,,,,
"FF","2025-03-06","97.2","-1.75","5.98","Cole, Gerrit",670242,543037,,"foul",,,,,3,"Foul","S","L","R","NYY","MIN","S",,,1,2,2025,"-1.04","1.49","0.53","2.96",,681508,680577,2,2,"Top",,,,,,,8.469185568266735,-141.20893014067184,-5.959210468332809,-15.882147057132768,32.20587333191097,-11.053792070993586,"3.41","1.72",178,"64.8",48,"96.9",2309,"6.2",779046,669224,502671,665862,665828,683011,691176,663757,641355,"54.26",,,,,,,,15,4,"4-Seam Fastball",0,2,2,0,2,0,2,0,"Standard","Standard",213,"0","0","70.9","5.9",,"0","88.0",-2,2,0.316,0.6839999999999999,34,27,35,28,2,1,,,,,"0.93","1.04","-1.04",,-3.1366481959100017,18.218012248418663,36.415255936573764,34.637667107253364,27.026445472244944
"FF","2025-03-06","96.4","-1.66","5.96","Cole, Gerrit",670242,543037,,"ball",,,,,12,"Ball","S","L","R","NYY","MIN","B",,,0,2,2025,"-0.84","1.46","1.96","2.6",,681508,680577,2,2,"Top",,,,,,,11.586112486402723,-139.79279358074243,-6.657166568940183,-13.74312118157181,32.75603532073967,-11.61797725922003,"3.41","1.72",,,,"96.5",2351,"6.6",779046,669224,502671,665862,665828,683011,691176,663757,641355,"53.9",,,,,,,,15,3,"4-Seam Fastball",0,2,2,0,2,0,2,0,"Standard","Standard",204,"-0.003","0.012",,,,"-0.012",,-2,2,0.319,0.681,34,27,35,28,2,1,,,,,"1.02","0.84","-0.84",,,,,,
"FF","2025-03-06","97.5","-1.92","6.04","Cole, Gerrit",670242,543037,,"called_strike",,,,,6,"Called Strike","S","L","R","NYY","MIN","S",,,0,1,2025,"-0.76","1.58","0.59","2.58",,681508,680577,2,2,"Top",,,,,,,8.439516294496851,-141.56615267181533,-7.307935032024476,-12.266990283478219,35.09040727976889,-9.478189200676585,"3.41","1.72",,,,"96.6",2475,"6.1",779046,669224,502671,665862,665828,683011,691176,663757,641355,"54.42",,,,,,,,15,2,"4-Seam Fastball",0,2,2,0,2,0,2,0,"Standard","Standard",205,"0.007","-0.057",,,,"0.057",,-2,2,0.312,0.688,34,27,35,28,2,1,,,,,"0.85","0.76","-0.76",,,,,,
"SL","2025-03-06","88","-2.15","6.06","Cole, Gerrit",670242,543037,,"foul",,,,,5,"Foul","S","L","R","NYY","MIN","S",,,0,0,2025,"0.5","0.32","-0.27","2.41",,681508,680577,2,2,"Top",,,,,,,3.51339753406344,-128.19651853471376,-3.474932831681377,4.818822166297412,25.189548439733468,-28.096103200732145,"3.41","1.72",125,"73",12,"88.1",2432,"6.2",779046,669224,502671,665862,665828,683011,691176,663757,641355,"54.34",,,,,,,,15,1,"Slider",0,2,2,0,2,0,2,0,"Standard","Standard",161,"0.005","-0.047","75.9","7.1",,"0.047","88.0",-2,2,0.307,0.6930000000000001,34,27,35,28,2,1,,,,,"2.6","-0.5","0.5",,1.958366987016451,7.406501439464007,35.95199031222019,42.57355861643587,28.194732294464586
"FF","2025-03-06","97.6","-2","6.09","Cole, Gerrit",645801,543037,"sac_fly","hit_into_play",,,,,2,"Mike Ford out on a sacrifice fly to left fielder Jasson Domínguez. Brooks Lee scores.","S","L","R","NYY","MIN","X",7,"fly_ball",1,2,2025,"-0.74","1.38","0.11","2.85",686797,681508,680577,1,2,"Top",71.05,100.72,,,,,7.375647362530513,-141.78103724911387,-6.358950169019396,-11.656467698092477,33.59675013057486,-12.264370556273652,"3.19","1.61",281,"85.5",34,"97.3",2433,"6.3",779046,669224,502671,665862,665828,683011,691176,663757,641355,"54.19",0.01,,"0",,0,0,3,14,4,"4-Seam Fastball",0,1,1,0,2,0,2,0,"Standard","Standard",213,"-0.016","-0.073","57.0","5.5",0.024,"0.073","88.0",-1,1,0.323,0.677,34,32,35,33,1,0,,,,,"1.03","0.74","-0.74",,0.18811623079465856,12.755796334938738,31.74417447401743,34.98111598599211,20.13834414488384
"FF","2025-03-06","97.1","-1.83","6.04","Cole, Gerrit",645801,543037,,"foul",,,,,5,"Foul","S","L","R","NYY","MIN","S",,,1,1,2025,"-0.47","1.54","-0.17","2.56",686797,681508,680577,1,2,"Top",,,,,,,5.526565383873164,-141.10626031941328,-7.2510756568816905,-7.582317288207063,34.266466869176774,-10.143829329345099,"3.19","1.61",,,,"96.9",2384,"6.4",779046,669224,502671,665862,665828,683011,691176,663757,641355,"54.09",,,,,,,,14,3,"4-Seam Fastball",0,1,1,0,1,0,1,0,"Standard","Standard",202,"0.014","-0.073","67.6","6.5",,"0.073",,-1,1,0.309,0.6910000000000001,34,32,35,33,1,0,,,,,"0.9","0.47","-0.47",,3.453622882869407,7.625437365935664,32.003176422113555,38.7877719331783,19.555234632252887
"CH","2025-03-06","88","-1.85","6.01","Cole, Gerrit",645801,543037,,"swinging_strike",,,,,4,"Swinging Strike","S","L","R","NYY","MIN","S",,,1,0,2025,"-1.29","0.92","-0.68","2.25",686797,681508,680577,1,2,"Top",,,,,,,5.510353233080498,-128.02641887557505,-4.978254116822028,-15.272028467630033,24.821035739197228,-21.248912933977014,"3.19","1.61",,,,"88.3",1816,"6.4",779046,669224,502671,665862,665828,683011,691176,663757,641355,"54.13",,,,,,,,14,2,"Changeup",0,1,1,0,1,0,1,0,"Standard","Standard",220,"0.011","-0.053","74.2","7.9",,"0.053",,-1,1,0.298,0.702,34,32,35,33,1,0,,,,,"2.01","1.29","-1.29",,23.744290753302547,-29.299931124346806,26.911083924817987,44.51483585417665,46.87958636484356
"CH","2025-03-06","87.1","-1.83","5.88","Cole, Gerrit",645801,543037,,"ball",,,,,14,"Ball","S","L","R","NYY","MIN","B",,,0,0,2025,"-1.2","1","0.42","1.23",686797,681508,680577,1,2,"Top",,,,,,,7.881890868701103,-126.52227276264706,-7.070412599248308,-14.508883532876283,25.33776219299716,-20.177011119527595,"3.19","1.61",,,,"87.3",1818,"6.5",779046,669224,502671,665862,665828,683011,691176,663757,641355,"54.02",,,,,,,,14,1,"Changeup",0,1,1,0,1,0,1,0,"Standard","Standard",225,"-0.008","0.038",,,,"-0.038",,-1,1,0.306,0.694,34,32,35,33,1,0,,,,,"2.01","1.2","-1.2",,,,,,
"CH","2025-03-06","87.8","-1.95","5.97","Cole, Gerrit",680577,543037,"fielders_choice","hit_into_play",,,,,13,"DaShawn Keirsey Jr. reaches on a fielder's choice, fielded by shortstop Anthony Volpe. Mickey Gasper to 2nd.","S","L","R","NYY","MIN","X",6,"ground_ball",0,2,2025,"-1.3","0.99","-0.92","2.1",686797,,681508,1,2,"Top",103.33,150.54,,,,,5.1831391876352635,-127.801741527782,-5.356569411492526,-15.335898913816678,23.75081547420998,-20.426675502506605,"3.23","1.63",115,"53.9",19,"88.4",1904,"6.4",779046,669224,502671,665862,665828,683011,691176,663757,641355,"54.08",0.19,,"0.9",,0,0,1,13,4,"Changeup",0,1,1,0,1,0,1,0,"Standard","Standard",223,"-0.05","0.561","44.5","7.0",0.19,"-0.561","88.0",-1,1,0.356,0.644,34,28,35,28,1,0,,,,,"1.94","1.3","-1.3",,5.048716596476832,5.7988079756957545,35.293140448703376,46.03621391986488,18.886004921150082
"KC","2025-03-06","83.4","-1.84","6.07","Cole, Gerrit",680577,543037,,"foul",,,,,8,"Foul","S","L","R","NYY","MIN","S",,,0,2,2025,"0.73","-1.21","-0.09","1.75",686797,,681508,1,2,"Top",,,,,,,2.5869481301256516,-121.46737628324024,-1.1220936559916999,6.729453422755794,24.36558847902356,-44.13352833666605,"3.23","1.63",4,"65.8",-25,"83.4",2747,"6.3",779046,669224,502671,665862,665828,683011,691176,663757,641355,"54.2",,,,,,,,13,3,"Knuckle Curve",0,1,1,0,1,0,1,0,"Standard","Standard",37,"0","0","70.0","7.7",,"0","88.0",-1,1,0.356,0.644,34,28,35,28,1,0,,,,,"4.49","-0.73","0.73",,18.413855818918886,-1.4102383749054885,35.050775581876586,36.48269645386169,22.666176085459433
"FF","2025-03-06","97.2","-2.01","6","Cole, Gerrit",680577,543037,,"swinging_strike",,,,,11,"Swinging Strike","S","L","R","NYY","MIN","S",,,0,1,2025,"-0.62","1.52","-0.23","3.42",686797,,681508,1,2,"Top",,,,,,,6.208072331465088,-141.36908926214167,-4.811670896917446,-9.736839891768431,34.536029297634904,-10.988600051231098,"3.23","1.63",,,,"97.1",2321,"6.4",779046,669224,502671,665862,665828,683011,691176,663757,641355,"54.09",,,,,,,,13,2,"4-Seam Fastball",0,1,1,0,1,0,1,0,"Standard","Standard",205,"0.013","-0.073","65.5","6.4",,"0.073",,-1,1,0.343,0.657,34,28,35,28,1,0,,,,,"0.91","0.62","-0.62",,2.616681659222439,18.01376501179477,30.678840780255467,38.319668113294526,10.469424775995934
"KC","2025-03-06","81.7","-1.93","6.2","Cole, Gerrit",680577,543037,,"called_strike",,,,,3,"Called Strike","S","L","R","NYY","MIN","S",,,0,0,2025,"1.02","-1.22","0.47","2.81",686797,,681508,1,2,"Top",,,,,,,3.4335564316075753,-118.86484716494503,1.3482615434965077,8.874074014116411,24.705995461781193,-44.21746126551787,"3.23","1.63",,,,"81.3",2749,"6.3",779046,669224,502671,665862,665828,683011,691176,663757,641355,"54.25",,,,,,,,13,1,"Knuckle Curve",0,1,1,0,1,0,1,0,"Standard","Standard",35,"0.009","-0.041",,,,"0.041",,-1,1,0.334,0.6659999999999999,34,28,35,28,1,0,,,,,"4.66","-1.02","1.02",,,,,,
"FF","2025-03-06","96.8","-1.85","5.98","Cole, Gerrit",681508,543037,"single","hit_into_play",,,,,1,"Mickey Gasper singles on a sharp line drive to center fielder Trent Grisham. Edouard Julien scores. Brooks Lee to 3rd.","S","L","R","NYY","MIN","X",8,"line_drive",3,2,2025,"-0.65","1.57","-0.42","2.91",666397,,686797,1,2,"Top",116.4,98.84,,,,,5.315299970069949,-140.8931383417839,-6.269248411142942,-9.885988996448138,30.310445081262227,-9.992557982075027,"3.11","1.57",197,"104",10,"97.3",2285,"6.4",779046,669224,502671,665862,665828,683011,691176,663757,641355,"54.08",0.884,,"0.9",,1,0,4,12,8,"4-Seam Fastball",0,0,0,0,1,0,1,0,"Standard","Standard",209,"-0.091","0.481","68.4","5.8",1.103,"-0.481","104.0",0,0,0.425,0.575,34,29,35,30,1,0,,,,,"0.85","0.65","-0.65",,3.987864382231025,7.9397361087654685,24.627855303838917,42.96965639670654,22.737749443371317
"FF","2025-03-06","96.9","-1.87","5.96","Cole, Gerrit",681508,543037,,"foul",,,,,8,"Foul","S","L","R","NYY","MIN","S",,,3,2,2025,"-0.94","1.4","0.13","1.89",666397,,686797,1,2,"Top",,,,,,,7.483203331370101,-140.59765760512624,-8.48029345743948,-14.237620308456316,34.18833594342836,-11.761041884236505,"3.11","1.57",,,,"96.7",2360,"6.5",779046,669224,502671,665862,665828,683011,691176,663757,641355,"54.02",,,,,,,,12,7,"4-Seam Fastball",0,0,0,0,0,0,0,0,"Standard","Standard",208,"0","0","66.6","6.4",,"0",,0,0,0.425,0.575,34,29,35,30,1,0,,,,,"1.05","0.94","-0.94",,11.947538763660228,3.803303422570161,34.48140187654952,36.398773088856586,26.31553483583847
"FF","2025-03-06","97.5","-1.93","5.92","Cole, Gerrit",681508,543037,,"ball",,,,,13,"Ball","S","L","R","NYY","MIN","B",,,2,2,2025,"-0.98","1.42","-0.29","1.41",666397,,686797,1,2,"Top",,,,,,,6.683940907517644,-141.6102596369488,-9.88810922861838,-14.753983979810373,31.228040695380525,-10.924546348585656,"3.11","1.57",,,,"97.6",2378,"6.4",779046,669224,502671,665862,665828,683011,691176,663757,641355,"54.1",,,,,,,,12,6,"4-Seam Fastball",0,0,0,0,0,0,0,0,"Standard","Standard",210,"-0.012","0.053",,,,"-0.053",,0,0,0.437,0.563,34,29,35,30,1,0,,,,,"0.98","0.98","-0.98",,,,,,
"FF","2025-03-06","95.5","-1.76","6.04","Cole, Gerrit",681508,543037,,"ball",,,,,12,"Ball","S","L","R","NYY","MIN","B",,,1,2,2025,"-0.82","1.39","0.07","4.19",666397,,686797,1,2,"Top",,,,,,,6.6666959921467805,-138.93756925038463,-2.3664048110617375,-12.1912334376817,31.872464045747478,-13.809093236912714,"3.11","1.57",,,,"95.4",2289,"6.3",779046,669224,502671,665862,665828,683011,691176,663757,641355,"54.21",,,,,,,,12,5,"4-Seam Fastball",0,0,0,0,0,0,0,0,"Standard","Standard",206,"-0.011","0.033",,,,"-0.033",,0,0,0.448,0.552,34,29,35,30,1,0,,,,,"1.11","0.82","-0.82",,,,,,
"FF","2025-03-06","95.9","-1.84","6.03","Cole, Gerrit",681508,543037,,"foul",,,,,5,"Foul","S","L","R","NYY","MIN","S",,,1,2,2025,"-0.7","1.52","-0.03","2.59",666397,,686797,1,2,"Top",,,,,,,6.318872698007348,-139.46287634602575,-6.948151405925224,-10.424711321212914,28.255030518331402,-10.93334712265145,"3.11","1.57",270,"83.1",36,"95.8",2269,"6.1",779046,669224,502671,665862,665828,683011,691176,663757,641355,"54.44",,,,,,,,12,4,"4-Seam Fastball",0,0,0,0,0,0,0,0,"Standard","Standard",207,"0","0","68.1","5.6",,"0","88.0",0,0,0.448,0.552,34,29,35,30,1,0,,,,,"0.94","0.7","-0.7",,-4.078269555302216,11.710597854728917,30.46476132813806,38.98931689449181,19.603308844551737
"FF","2025-03-06","96.4","-1.92","5.96","Cole, Gerrit",681508,543037,,"swinging_strike",,,,,11,"Swinging Strike","S","L","R","NYY","MIN","S",,,1,1,2025,"-0.77","1.54","-0.67","3.79",666397,,686797,1,2,"Top",,,,,,,5.049087231871775,-140.3155619270952,-3.6854949373096213,-11.27734525425884,32.11417962517545,-11.229385295482489,"3.11","1.57",,,,"96",2343,"6.1",779046,669224,502671,665862,665828,683011,691176,663757,641355,"54.43",,,,,,,,12,3,"4-Seam Fastball",0,0,0,0,0,0,0,0,"Standard","Standard",210,"0.015","-0.058","61.8","4.8",,"0.058",,0,0,0.433,0.567,34,29,35,30,1,0,,,,,"0.92","0.77","-0.77",,-5.00610676189332,32.39562652115999,23.26053214036308,47.13701679436258,8.304418432481013
"FC","2025-03-06","90.6","-2","6.21","Cole, Gerrit",681508,543037,,"ball",,,,,11,"Ball","S","L","R","NYY","MIN","B",,,0,1,2025,"0.49","0.96","-0.4","3.8",666397,,686797,1,2,"Top",,,,,,,2.9439307162457484,-132.09380029363575,-2.242154900261503,5.274122577051196,23.940183141049477,-20.568609471886703,"3.11","1.57",,,,"91",2456,"6.1",779046,669224,502671,665862,665828,683011,691176,663757,641355,"54.43",,,,,,,,12,2,"Cutter",0,0,0,0,0,0,0,0,"Standard","Standard",181,"-0.008","0.012",,,,"-0.012",,0,0,0.441,0.5589999999999999,34,29,35,30,1,0,,,,,"1.77","-0.49","0.49",,,,,,
"FF","2025-03-06","95.6","-1.92","6.05","Cole, Gerrit",681508,543037,,"foul",,,,,3,"Foul","S","L","R","NYY","MIN","S",,,0,0,2025,"-0.65","1.61","0.28","3.15",666397,,686797,1,2,"Top",,,,,,,7.235313200602622,-138.94824091434992,-5.632785361305274,-9.986635011824326,31.112195594268343,-10.24354446489435,"3.11","1.57",221,"76.6",33,"95.3",2433,"6.2",779046,669224,502671,665862,665828,683011,691176,663757,641355,"54.3",,,,,,,,12,1,"4-Seam Fastball",0,0,0,0,0,0,0,0,"Standard","Standard",210,"0.011","-0.041","60.6","4.7",,"0.041","88.0",0,0,0.43,0.5700000000000001,34,29,35,30,1,0,,,,,"0.89","0.65","-0.65",,-11.43629835044057,24.148744460034774,31.451562925008908,35.461178435720214,14.788712528294182
"FF","2025-03-06","95.4","-1.82","6.05","Cole, Gerrit",686797,543037,"single","hit_into_play",,,,,5,"Brooks Lee singles on a sharp line drive to right fielder Cody Bellinger. Edouard Julien to 3rd.","S","L","R","NYY","MIN","X",9,"line_drive",2,0,2025,"-0.75","1.52","0.03","2.37",,666397,,1,2,"Top",193.73,81.93,,,,,6.554085216933531,-138.67834529024785,-7.5099364169219385,-11.142993521453818,29.00472589872153,-11.018729712800102,"3.25","1.64",334,"107",18,"95.7",2335,"6.4",779046,669224,502671,665862,665828,683011,691176,663757,641355,"54.15",0.4430666666666667,,"0.9",,1,0,6,11,3,"4-Seam Fastball",0,0,0,0,0,0,0,0,"Standard","Standard",201,"-0.043","0.465","71.8","7.0",1.2481999999999998,"-0.465","107.0",0,0,0.473,0.527,34,24,35,24,1,0,,,,,"0.97","0.75","-0.75",,6.80508356606757,-2.929010528127897,32.8430290920382,38.34756830411828,28.691151742634073
"CH","2025-03-06","86.6","-1.76","6","Cole, Gerrit",686797,543037,,"ball",,,,,13,"Ball","S","L","R","NYY","MIN","B",,,1,0,2025,"-1.42","0.77","-0.44","1.45",,666397,,1,2,"Top",,,,,,,6.036155177863536,-125.99290299947563,-6.318207316516475,-16.316460206742786,21.967052295076726,-22.94810128914469,"3.25","1.64",,,,"87.3",1819,"6.4",779046,669224,502671,665862,665828,683011,691176,663757,641355,"54.1",,,,,,,,11,2,"Changeup",0,0,0,0,0,0,0,0,"Standard","Standard",223,"-0.005","0.046",,,,"-0.046",,0,0,0.478,0.522,34,24,35,24,1,0,,,,,"2.24","1.42","-1.42",,,,,,
"KC","2025-03-06","81.9","-2","6.15","Cole, Gerrit",686797,543037,,"ball",,,,,14,"Ball","S","L","R","NYY","MIN","B",,,0,0,2025,"0.68","-1.21","0.17","1.36",,666397,,1,2,"Top",,,,,,,3.5849113492575575,-119.28075227704528,-1.9122098425542706,5.810322702852648,23.460229332866593,-43.5726595568618,"3.25","1.64",,,,"81.6",2775,"6.1",779046,669224,502671,665862,665828,683011,691176,663757,641355,"54.38",,,,,,,,11,1,"Knuckle Curve",0,0,0,0,0,0,0,0,"Standard","Standard",28,"-0.002","0.028",,,,"-0.028",,0,0,0.48,0.52,34,24,35,24,1,0,,,,,"4.61","-0.68","0.68",,,,,,
"FF","2025-03-06","94.1","-1.86","6.1","Cole, Gerrit",666397,543037,"force_out","hit_into_play",,,,,4,"Edouard Julien grounds into a force out, third baseman Oswaldo Cabrera to shortstop Anthony Volpe. Trevor Larnach out at 2nd. Edouard Julien advances to 2nd, on a throwing error by shortstop Anthony Volpe.","S","L","R","NYY","MIN","X",5,"ground_ball",0,0,2025,"-0.9","1.59","-0.54","2.38",,,663616,0,2,"Top",118.34,158.97,,,,,5.414383031544245,-136.7957827539544,-7.438640513662285,-12.468169506651138,31.533024149428087,-10.763860988574264,"3.23","1.63",6,"84",-19,"93.9",2253,"6.3",779046,669224,502671,665862,665828,683011,691176,663757,641355,"54.18",0.068,,"0",,0,0,2,10,1,"4-Seam Fastball",0,0,0,0,0,0,0,0,"Infield shade","Standard",209,"0.018","-0.336","70.0","6.3",0.077,"0.336","88.0",0,0,0.462,0.538,34,26,35,26,1,0,,,,,"1","0.9","-0.9",,-2.8219728119738035,23.122055150641998,40.07348474961248,41.79866631604743,13.14698267983352
"FF","2025-03-06","92.5","-1.73","6.24","Cole, Gerrit",663616,543037,"single","hit_into_play",,,,,8,"Trevor Larnach singles on a ground ball to right fielder Cody Bellinger.","S","L","R","NYY","MIN","X",9,"ground_ball",0,0,2025,"-0.59","1.36","0.02","2",,,,0,2,"Top",166.94,122.52,,,,,5.735464898358558,-134.48182683354904,-7.942566341811602,-8.372087112148686,29.22478481594375,-14.143243044063226,"3.35","1.69",27,"111.9",-3,"92.2",2293,"6.2",779046,669224,502671,665862,665828,683011,691176,663757,641355,"54.34",0.476,,"0.9",,1,0,4,9,1,"4-Seam Fastball",0,0,0,0,0,0,0,0,"Infield shade","Standard",202,"-0.038","0.438","78.5","7.5",0.514,"-0.438","111.9",0,0,0.5,0.5,34,28,35,28,1,0,,,,,"1.31","0.59","-0.59",,5.70056552415652,-9.883640781771676,44.14023650644248,34.542958709679105,29.594015206317415
"FF","2025-03-06","94.8","-1.89","6.02","Cole, Gerrit",669304,543037,"field_out","hit_into_play",,,,,1,"Jose Miranda lines out to right fielder Cody Bellinger.","S","R","R","NYY","MIN","X",9,"line_drive",1,1,2025,"-0.55","1.55","-0.47","2.91",,,,2,1,"Top",171.77,83.55,,,,,4.912689952000582,-137.90939541979105,-5.918894676936739,-8.040238372561227,30.160340978224557,-11.201749184592783,"3.26","1.64",309,"90.9",23,"94.4",2327,"6.1",779046,669224,502671,665862,665828,683011,691176,663757,641355,"54.44",0.162,,"0",,0,0,3,3,3,"4-Seam Fastball",0,0,0,0,0,0,0,0,"Standard","Standard",207,"0.01","-0.244","67.0","6.8",0.306,"0.244","90.9",0,0,0.538,0.46199999999999997,34,27,35,27,1,0,,,,,"0.98","0.55","0.55",,2.0248467762317293,2.693203522981216,25.15638203760773,32.29469388968842,28.35192310116196
"KC","2025-03-06","80.2","-1.84","6.11","Cole, Gerrit",669304,543037,,"ball",,,,,14,"Ball","S","R","R","NYY","MIN","B",,,0,1,2025,"0.51","-1.51","0.06","0.27",,,,2,1,"Top",,,,,,,3.2354356926417114,-116.64908550531582,-3.2403464516570812,3.890822845149003,25.35158341639304,-45.32811030711812,"3.26","1.64",,,,"79.4",2880,"6.1",779046,669224,502671,665862,665828,683011,691176,663757,641355,"54.41",,,,,,,,3,2,"Knuckle Curve",0,0,0,0,0,0,0,0,"Standard","Standard",33,"-0.002","0.027",,,,"-0.027",,0,0,0.54,0.45999999999999996,34,27,35,27,1,0,,,,,"5.1","-0.51","-0.51",,,,,,
"FC","2025-03-06","89.8","-1.99","6.04","Cole, Gerrit",669304,543037,,"called_strike",,,,,9,"Called Strike","S","R","R","NYY","MIN","S",,,0,0,2025,"0.38","0.66","0.35","1.66",,,,2,1,"Top",,,,,,,5.002404778595142,-130.72315121623666,-6.333374544157871,3.3718632035823846,25.072045819813585,-23.460192630487185,"3.26","1.64",,,,"90",2494,"6.2",779046,669224,502671,665862,665828,683011,691176,663757,641355,"54.33",,,,,,,,3,1,"Cutter",0,0,0,0,0,0,0,0,"Standard","Standard",179,"0.002","-0.043",,,,"0.043",,0,0,0.538,0.46199999999999997,34,27,35,27,1,0,,,,,"2.14","-0.38","-0.38",,,,,,
"SI","2025-03-06","95.2","-1.89","6.1","Cole, Gerrit",680777,543037,"field_out","hit_into_play",,,,,4,"Ryan Jeffers grounds out, third baseman Oswaldo Cabrera to first baseman Paul Goldschmidt.","S","R","R","NYY","MIN","X",5,"ground_ball",0,1,2025,"-1.21","1.06","-0.74","2.44",,,,1,1,"Top",111.76,179.73,,,,,5.675456326464815,-138.45296350548506,-6.313070120222125,-16.783483999246634,30.310797909163234,-17.320987631188224,"3.32","1.68",2,"66.1",-49,"94.7",2153,"6",779046,669224,502671,665862,665828,683011,691176,663757,641355,"54.49",0.208,,"0",,0,0,2,2,2,"Sinker",0,0,0,0,0,0,0,0,"Standard","Standard",209,"0.014","-0.215","70.2","6.7",0.208,"0.215","88.0",0,0,0.524,0.476,34,28,35,28,1,0,,,,,"1.45","1.21","1.21",,0.5568010940427569,12.407898410223964,38.939765421933636,27.244400493756046,16.008019684504518
"FF","2025-03-06","95","-1.94","6","Cole, Gerrit",680777,543037,,"called_strike",,,,,5,"Called Strike","S","R","R","NYY","MIN","S",,,0,0,2025,"-0.89","1.32","0.14","2.64",,,,1,1,"Top",,,,,,,7.420766366009,-138.16757183270622,-6.129441001367331,-13.025828993315455,29.69754624676682,-14.021760198603703,"3.32","1.68",,,,"95",2295,"6.2",779046,669224,502671,665862,665828,683011,691176,663757,641355,"54.28",,,,,,,,2,1,"4-Seam Fastball",0,0,0,0,0,0,0,0,"Standard","Standard",208,"0.002","-0.039",,,,"0.039",,0,0,0.522,0.478,34,28,35,28,1,0,,,,,"1.2","0.89","0.89",,,,,,
"CH","2025-03-06","88.2","-2","5.96","Cole, Gerrit",670242,543037,"strikeout","foul_tip",,,,,7,"Matt Wallner strikes out on a foul tip.","S","L","R","NYY","MIN","S",2,,1,2,2025,"-1.33","0.88","-0.47","2.23",,,,0,1,"Top",,,,,,,6.466439828823714,-128.32350534143,-4.816465253143722,-16.03406434397749,25.176956676227032,-21.673910033251,"3.41","1.72",,,,"88.4",1854,"6.3",779046,669224,502671,665862,665828,683011,691176,663757,641355,"54.22",,,"0",,0,0,,1,4,"Changeup",0,0,0,0,0,0,0,0,"Infield shade","Standard",226,"0.016","-0.189","78.8","7.2",,"0.189",,0,0,0.506,0.494,34,27,35,28,1,0,,,,,"2.04","1.33","-1.33",,10.143148330124436,-0.48939623432046436,34.40873614896516,40.25220982259671,35.31879758718288
"FF","2025-03-06","96","-1.97","6.04","Cole, Gerrit",670242,543037,,"called_strike",,,,,6,"Called Strike","S","L","R","NYY","MIN","S",,,1,1,2025,"-0.78","1.58","0.49","2.34",,,,0,1,"Top",,,,,,,8.236578995970959,-139.35942148804847,-7.697371927714431,-12.053725335442124,32.15585779275025,-10.047051356811567,"3.41","1.72",,,,"95.4",2371,"6.2",779046,669224,502671,665862,665828,683011,691176,663757,641355,"54.35",,,,,,,,1,3,"4-Seam Fastball",0,0,0,0,0,0,0,0,"Infield shade","Standard",207,"0.005","-0.061",,,,"0.061",,0,0,0.501,0.499,34,27,35,28,1,0,,,,,"0.91","0.78","-0.78",,,,,,
"FF","2025-03-06","95.1","-1.84","6.03","Cole, Gerrit",670242,543037,,"foul",,,,,4,"Foul","S","L","R","NYY","MIN","S",,,1,0,2025,"-0.52","1.76","-0.37","2.64",,,,0,1,"Top",,,,,,,5.030910762924939,-138.31208165529145,-7.190799516972201,-7.833163076870649,31.86086325998649,-8.188642559999384,"3.41","1.72",253,"76.1",39,"95.2",2293,"6.5",779046,669224,502671,665862,665828,683011,691176,663757,641355,"54.03",,,,,,,,1,2,"4-Seam Fastball",0,0,0,0,0,0,0,0,"Infield shade","Standard",209,"0.005","-0.05","76.8","7.4",,"0.05","88.0",0,0,0.496,0.504,34,27,35,28,1,0,,,,,"0.77","0.52","-0.52",,10.162062733856727,-5.805360090343356,35.942687889974096,40.005444069013585,34.46183026863473
"FF","2025-03-06","94.1","-1.89","6.17","Cole, Gerrit",670242,543037,,"ball",,,,,11,"Ball","S","L","R","NYY","MIN","B",,,0,0,2025,"-0.65","1.47","-0.66","3.88",,,,0,1,"Top",,,,,,,4.630086469812202,-137.03038428170322,-3.5135827891797238,-9.23061218890034,29.149122431658952,-13.011800396321911,"3.41","1.72",,,,"94.1",2339,"6.2",779046,669224,502671,665862,665828,683011,691176,663757,641355,"54.33",,,,,,,,1,1,"4-Seam Fastball",0,0,0,0,0,0,0,0,"Infield shade","Standard",203,"-0.004","0.041",,,,"-0.041",,0,0,0.5,0.5,34,27,35,28,1,0,,,,,"1.09","0.65","-0.65",,,,,,
"SI","2025-02-28","94.2","-1.94","5.95","Cole, Gerrit",682619,543037,"strikeout","swinging_strike",,,,,6,"Orelvis Martinez strikes out swinging.","S","R","R","NYY","TOR","S",2,,2,2,2025,"-0.99","1.56","0.67","2.13",,,,0,4,"Top",,,,,,,8.950185473863437,-136.7772875713512,-7.656014121597778,-14.386260029595983,30.417557877940965,-11.02227401786544,"3.17","1.6",,,,"94",2244,"6.3",779052,669224,502671,623205,665828,672724,622569,682987,641355,"54.17",,,"0",,0,0,,27,5,"Sinker",2,1,1,2,1,2,1,2,"Standard","Standard",204,"0.026","-0.232","70.6","6.2",,"0.232",,1,-1,0.626,0.374,34,23,35,24,2,1,,,,,"1.02","0.99","0.99",,-20.491846596629337,27.887855089824296,42.71045189766714,41.17104323980479,4.597138159027438
"SI","2025-02-28","94.9","-1.97","6.04","Cole, Gerrit",682619,543037,,"swinging_strike",,,,,5,"Swinging Strike","S","R","R","NYY","TOR","S",,,2,1,2025,"-0.89","1.56","0.13","2.42",,,,0,4,"Top",,,,,,,7.4798824581638685,-137.85661432105812,-7.213322370697583,-13.155609606500908,33.726922394043065,-10.86742730158903,"3.17","1.6",,,,"94.3",2424,"6.3",779052,669224,502671,623205,665828,672724,622569,682987,641355,"54.24",,,,,,,,27,4,"Sinker",2,1,1,2,1,2,1,2,"Standard","Standard",208,"0.008","-0.073","76.6","7.5",,"0.073",,1,-1,0.618,0.382,34,23,35,24,2,1,,,,,"1","0.89","0.89",,5.053686631208708,6.830791692469434,44.34900345662719,35.8111469246481,20.19138983018717
"SI","2025-02-28","92.6","-1.95","6.04","Cole, Gerrit",682619,543037,,"ball",,,,,14,"Ball","S","R","R","NYY","TOR","B",,,1,1,2025,"-1.06","1.43","1.11","2.19",,,,0,4,"Top",,,,,,,10.049277548824556,-134.36081172960553,-7.088612041700161,-14.992612971922417,29.0450118343929,-13.466199089641764,"3.17","1.6",,,,"92.1",2212,"6.1",779052,669224,502671,623205,665828,672724,622569,682987,641355,"54.35",,,,,,,,27,3,"Sinker",2,1,1,2,1,2,1,2,"Standard","Standard",206,"-0.006","0.055",,,,"-0.055",,1,-1,0.624,0.376,34,23,35,24,2,1,,,,,"1.25","1.06","1.06",,,,,,
"FF","2025-02-28","91.7","-1.93","6.05","Cole, Gerrit",682619,543037,,"ball",,,,,14,"Ball","S","R","R","NYY","TOR","B",,,0,1,2025,"-0.76","1.59","0.07","1.31",,,,0,4,"Top",,,,,,,6.666803586970119,-133.06190850265003,-9.444507634455702,-10.56570969612487,30.973485495704484,-11.351880542035536,"3.17","1.6",,,,"90.9",2353,"6.1",779052,669224,502671,623205,665828,672724,622569,682987,641355,"54.35",,,,,,,,27,2,"4-Seam Fastball",2,1,1,2,1,2,1,2,"Standard","Standard",208,"-0.003","0.031",,,,"-0.031",,1,-1,0.627,0.373,34,23,35,24,2,1,,,,,"1.15","0.76","0.76",,,,,,
"KC","2025-02-28","76.9","-2","6.18","Cole, Gerrit",682619,543037,,"foul",,,,,9,"Foul","S","R","R","NYY","TOR","S",,,0,0,2025,"0.48","-1.38","0.48","1.91",,,,0,4,"Top",,,,,,,4.355266301282307,-111.88429232093071,0.4670968506304791,3.2071866045517305,21.45431572303962,-43.99306856177069,"3.17","1.6",4,"63.9",-30,"76.5",2525,"6.2",779052,669224,502671,623205,665828,672724,622569,682987,641355,"54.35",,,,,,,,27,1,"Knuckle Curve",2,1,1,2,1,2,1,2,"Standard","Standard",32,"0.004","-0.039","77.3","8.6",,"0.039","88.0",1,-1,0.623,0.377,34,23,35,24,2,1,,,,,"5.25","-0.48","-0.48",,23.22256197933255,-15.896927964789004,36.350133697672725,40.32945390138199,45.484422764097744
"CH","2025-02-28","87.6","-2.06","5.87","Cole, Gerrit",680718,543037,"strikeout","swinging_strike",,,,,8,"Addison Barger strikes out swinging.","S","L","R","NYY","TOR","S",2,,2,2,2025,"-1.6","0.64","-0.03","1.79",,695238,,2,3,"Top",,,,,,,8.21928969785076,-127.3007715737943,-5.063481329596017,-19.114199601578022,25.695353213376837,-24.32222258295004,"3.19","1.61",,,,"87.7",1792,"6.4",779052,669224,502671,623205,665828,672724,622569,682987,641355,"54.1",,,"0",,0,0,,22,7,"Changeup",2,1,1,2,1,2,1,2,"Standard","Standard",224,"0.034","-0.22","76.9","8.8",,"0.22",,1,-1,0.635,0.365,34,25,35,26,2,1,,,,,"2.33","1.6","-1.6",,24.493717985870166,-34.289737366577846,33.433478612897694,33.829332354040815,52.29526684939259
"SI","2025-02-28","95.2","-1.95","6.03","Cole, Gerrit",680718,543037,,"ball",,,,,12,"Ball","S","L","R","NYY","TOR","B",,,1,2,2025,"-1.05","1.22","1.62","3.06",,695238,,2,3,"Top",,,,,,,11.679451525874846,-138.02078275579365,-4.82468442976798,-16.089828611834545,31.471165630653374,-15.64951507832521,"3.19","1.61",,,,"94.7",2170,"6.2",779052,669224,502671,623205,665828,672724,622569,682987,641355,"54.27",,,,,,,,22,6,"Sinker",2,1,1,2,1,2,1,2,"Standard","Standard",212,"-0.006","0.012",,,,"-0.012",,1,-1,0.641,0.359,34,25,35,26,2,1,,,,,"1.32","1.05","-1.05",,,,,,
"FF","2025-02-28","96.1","-2.25","5.95","Cole, Gerrit",680718,543037,,"foul",,,,,5,"Foul","S","L","R","NYY","TOR","S",,,1,2,2025,"-0.74","1.55","-0.07","2.63",,695238,,2,3,"Top",,,,,,,7.422262214493636,-139.67713373232706,-6.716318573532518,-11.328248286364133,31.163495634067026,-10.53262577538109,"3.19","1.61",1,"50.5",-73,"95.8",2345,"6.2",779052,669224,502671,623205,665828,672724,622569,682987,641355,"54.32",,,,,,,,22,5,"4-Seam Fastball",2,1,1,2,1,2,1,2,"Infield shade","Standard",215,"0","0","62.7","5.5",,"0","88.0",1,-1,0.641,0.359,34,25,35,26,2,1,,,,,"0.92","0.74","-0.74",,-10.98111199590149,50.99219408519632,31.425968351983872,32.261454823056056,5.067395175489321
"FC","2025-02-28","90.1","-2.2","6.02","Cole, Gerrit",680718,543037,,"foul",,,,,6,"Foul","S","L","R","NYY","TOR","S",,,1,2,2025,"0.39","0.59","0.64","2.38",,695238,,2,3,"Top",,,,,,,6.205528095682368,-131.1058324784891,-4.360687477817566,3.2567325531840448,26.420051945068778,-24.621475465923236,"3.19","1.61",126,"52.4",36,"90",2522,"6.1",779052,669224,502671,623205,665828,672724,622569,682987,641355,"54.36",,,,,,,,22,4,"Cutter",2,1,1,2,1,2,1,2,"Infield shade","Standard",166,"0","0","72.6","6.3",,"0","88.0",1,-1,0.641,0.359,34,25,35,26,2,1,,,,,"2.2","-0.39","0.39",,-13.61640223574931,15.7309776584609,39.80486310577653,23.8792574847635,15.98355822487295
"SI","2025-02-28","95","-2.16","6.05","Cole, Gerrit",680718,543037,,"called_strike",,,,,2,"Called Strike","S","L","R","NYY","TOR","S",,,1,1,2025,"-1.01","1.49","-0.17","2.92",,695238,,2,3,"Top",,,,,,,7.4413219849705845,-138.0138289548881,-5.819181475448789,-14.610134517803292,33.702277415295896,-12.055543096976216,"3.19","1.61",,,,"94.4",2406,"6.2",779052,669224,502671,623205,665828,672724,622569,682987,641355,"54.28",,,,,,,,22,3,"Sinker",2,1,1,2,1,2,1,2,"Infield shade","Standard",210,"0.008","-0.056",,,,"0.056",,1,-1,0.633,0.367,34,25,35,26,2,1,,,,,"1.07","1.01","-1.01",,,,,,
"CH","2025-02-28","86.3","-2.12","5.99","Cole, Gerrit",680718,543037,,"called_strike",,,,,5,"Called Strike","S","L","R","NYY","TOR","S",,,1,0,2025,"-1.5","0.73","-0.21","2.17",,695238,,2,3,"Top",,,,,,,7.579085626135622,-125.34737371529435,-4.290237484410864,-17.394094577757077,26.163771451705138,-23.784869373555736,"3.19","1.61",,,,"86",1831,"6.3",779052,669224,502671,623205,665828,672724,622569,682987,641355,"54.2",,,,,,,,22,2,"Changeup",2,1,1,2,1,2,1,2,"Infield shade","Standard",218,"0.003","-0.044",,,,"0.044",,1,-1,0.63,0.37,34,25,35,26,2,1,,,,,"2.35","1.5","-1.5",,,,,,
"KC","2025-02-28","81.4","-2.07","6.03","Cole, Gerrit",680718,543037,,"ball",,,,,14,"Ball","S","L","R","NYY","TOR","B",,,0,0,2025,"0.45","-1.37","0.41","0.92",,695238,,2,3,"Top",,,,,,,4.684857509241072,-118.49856330586975,-2.224601854358302,3.359965509925983,23.109697559118377,-44.816655324651514,"3.19","1.61",,,,"81.2",2723,"6.2",779052,669224,502671,623205,665828,672724,622569,682987,641355,"54.34",,,,,,,,22,1,"Knuckle Curve",2,1,1,2,1,2,1,2,"Infield shade","Standard",38,"-0.001","0.019",,,,"-0.019",,1,-1,0.631,0.369,34,25,35,26,2,1,,,,,"4.81","-0.45","0.45",,,,,,
"SI","2025-02-28","94.5","-2","6.01","Cole, Gerrit",695238,543037,"double","hit_into_play",,,,,2,"Will Wagner doubles (1) on a line drive to left fielder Pablo Reyes. Joey Loperfido scores.","S","L","R","NYY","TOR","X",7,"line_drive",1,0,2025,"-1.03","1.33","-0.19","3.05",694388,,,2,3,"Top",82.92,78.26,,,,,6.96234334230907,-137.39234580165478,-4.969547193466366,-14.538844634547594,30.79937389376664,-14.436827490752973,"3.19","1.61",288,"98.5",17,"94.2",2355,"6.2",779052,669224,502671,623205,665828,672724,622569,682987,641355,"54.34",0.496,,"1.25",,1,1,4,21,2,"Sinker",2,0,0,2,1,2,1,2,"Standard","Standard",212,"-0.094","0.785","65.4","5.7",0.791,"-0.785","98.5",2,-2,0.725,0.275,34,26,35,27,2,1,,,,,"1.23","1.03","-1.03",,-1.3636264199743964,13.127347868253457,28.67251745389366,37.99943940231918,17.75504950499066
"SI","2025-02-28","94.2","-2.07","6.02","Cole, Gerrit",695238,543037,,"ball",,,,,11,"Ball","S","L","R","NYY","TOR","B",,,0,0,2025,"-0.97","1.45","-0.88","2.66",694388,,,2,3,"Top",,,,,,,5.220961588001042,-137.06595842410707,-6.225200876001466,-13.348126675607835,30.440482435313942,-12.715753611036916,"3.19","1.61",,,,"94.2",2344,"6.3",779052,669224,502671,623205,665828,672724,622569,682987,641355,"54.21",,,,,,,,21,1,"Sinker",2,0,0,2,0,2,0,2,"Standard","Standard",207,"-0.001","0.028",,,,"-0.028",,2,-2,0.726,0.274,34,26,35,27,2,1,,,,,"1.12","0.97","-0.97",,,,,,
"CH","2025-02-28","87.4","-2.15","5.91","Cole, Gerrit",623993,543037,"field_out","hit_into_play",,,,,13,"Anthony Santander grounds out, second baseman Andrew Velazquez to first baseman Paul Goldschmidt. Joey Loperfido to 3rd.","S","L","R","NYY","TOR","X",4,"ground_ball",2,2,2025,"-1.4","0.69","-1.06","2.18",,694388,,1,3,"Top",154.37,150.21,,,,,5.496383042056248,-127.12762320784073,-4.290572968859104,-16.33644001364241,25.235388049996807,-23.995175930315792,"3.23","1.63",6,"84.1",-21,"87.5",1636,"6.3",779052,669224,502671,623205,665828,672724,622569,682987,641355,"54.22",0.058,,"0",,0,0,2,20,5,"Changeup",2,0,0,2,0,2,0,2,"Infield shade","Standard",225,"0.03","-0.211","68.8","7.6",0.072,"0.211","88.0",2,-2,0.696,0.30400000000000005,34,30,35,31,2,1,,,,,"2.29","1.4","-1.4",,8.284357619301405,-13.845543702729103,18.087905772726756,45.079498031531834,36.42219292543234
"CH","2025-02-28","86.8","-1.97","5.86","Cole, Gerrit",623993,543037,,"swinging_strike",,,,,11,"Swinging Strike","S","L","R","NYY","TOR","S",,,2,1,2025,"-1.31","0.72","-0.88","3.01",,694388,,1,3,"Top",,,,,,,5.311557065144363,-126.28500249689186,-2.111918351887062,-15.106805791834192,25.1305279833324,-24.288002121526254,"3.23","1.63",,,,"87",1700,"6.4",779052,669224,502671,623205,665828,672724,622569,682987,641355,"54.14",,,,,,,,20,4,"Changeup",2,0,0,2,0,2,0,2,"Infield shade","Standard",223,"0.007","-0.065","69.5","6.3",,"0.065",,2,-2,0.689,0.31100000000000005,34,30,35,31,2,1,,,,,"2.31","1.31","-1.31",,0.3513221381253027,15.755521868551483,24.20034280894451,43.55123468641257,18.857474644889802
"SI","2025-02-28","95.6","-2.05","5.95","Cole, Gerrit",623993,543037,,"ball",,,,,12,"Ball","S","L","R","NYY","TOR","B",,,1,1,2025,"-1.18","1.33","0.52","3.59",,694388,,1,3,"Top",,,,,,,9.410335276817525,-138.95038494027642,-3.5847455037061544,-17.34067165071492,30.58236958140875,-14.352298159044533,"3.23","1.63",,,,"95.5",2289,"6.2",779052,669224,502671,623205,665828,672724,622569,682987,641355,"54.27",,,,,,,,20,3,"Sinker",2,0,0,2,0,2,0,2,"Standard","Standard",209,"-0.005","0.03",,,,"-0.03",,2,-2,0.694,0.30600000000000005,34,30,35,31,2,1,,,,,"1.17","1.18","-1.18",,,,,,
"FF","2025-02-28","95","-2.17","5.96","Cole, Gerrit",623993,543037,,"ball",,,,,12,"Ball","S","L","R","NYY","TOR","B",,,0,1,2025,"-0.61","1.56","0.98","3.42",,694388,,1,3,"Top",,,,,,,9.571000731866516,-138.00992108194487,-4.445068144951142,-10.03979576212923,32.00064147078611,-11.380768433036975,"3.23","1.63",,,,"94.4",2341,"6.1",779052,669224,502671,623205,665828,672724,622569,682987,641355,"54.36",,,,,,,,20,2,"4-Seam Fastball",2,0,0,2,0,2,0,2,"Infield shade","Standard",215,"-0.004","0.025",,,,"-0.025",,2,-2,0.698,0.30200000000000005,34,30,35,31,2,1,,,,,"0.98","0.61","-0.61",,,,,,
"SL","2025-02-28","88.5","-2.15","6.1","Cole, Gerrit",623993,543037,,"swinging_strike",,,,,14,"Swinging Strike","S","L","R","NYY","TOR","S",,,0,0,2025,"0.46","0.14","0.64","1.35",,694388,,1,3,"Top",,,,,,,5.822087412908916,-128.77800935353306,-5.843634085541032,3.9529067416472916,25.641803915547573,-29.585348908828706,"3.23","1.63",,,,"88.4",2453,"6.2",779052,669224,502671,623205,665828,672724,622569,682987,641355,"54.35",,,,,,,,20,1,"Slider",2,0,0,2,0,2,0,2,"Infield shade","Standard",151,"0.006","-0.038","73.0","7.8",,"0.038",,2,-2,0.692,0.30800000000000005,34,30,35,31,2,1,,,,,"2.76","-0.46","0.46",,12.501576326430062,-21.77597015725238,31.97384106049021,26.648698456270346,36.111934172353
"SI","2025-02-28","92.3","-2.03","6.04","Cole, Gerrit",694388,543037,"double","hit_into_play",,,,,8,"Joey Loperfido doubles (2) on a fly ball to left fielder Pablo Reyes.","S","L","R","NYY","TOR","X",7,"fly_ball",0,0,2025,"-1.18","1.19","-0.24","2.06",,,,1,3,"Top",40.71,100.5,,,,,7.074944500904664,-134.1126158975964,-6.8322848788058055,-15.745663789728662,30.1432427401143,-16.502343388507654,"3.31","1.67",321,"99.4",26,"91.7",2274,"6.1",779052,669224,502671,623205,665828,672724,622569,682987,641355,"54.38",0.40836666666666677,,"1.25",,1,1,6,19,1,"Sinker",2,0,0,2,0,2,0,2,"Infield shade","Standard",207,"-0.044","0.642",,,1.422233333333333,"-0.642","99.4",2,-2,0.736,0.264,34,26,35,26,2,1,,,,,"1.5","1.18","-1.18",,,,,,
"SI","2025-02-28","92.9","-1.92","6.12","Cole, Gerrit",702302,543037,"field_out","hit_into_play",,,,,5,"RJ Schreck pops out to third baseman Oswaldo Cabrera in foul territory.","S","L","R","NYY","TOR","X",5,"popup",0,0,2025,"-1.14","1.37","0.02","2.52",,,,0,3,"Top",110.22,193.41,,,,,7.423886848166209,-134.99089490802766,-6.379470953174936,-15.569007780161522,30.691489049560282,-14.174060094560119,"3.24","1.64",45,"87.6",82,"92.3",2305,"6.1",779052,669224,502671,623205,665828,672724,622569,682987,641355,"54.39",0.008,,"0",,0,0,3,18,1,"Sinker",2,0,0,2,0,2,0,2,"Infield shade","Standard",207,"0.024","-0.259","85.5","8.3",0.008,"0.259","88.0",2,-2,0.712,0.28800000000000003,34,24,35,25,1,0,,,,,"1.29","1.14","-1.14",,20.14206870388285,-18.490146082920393,31.478128375257658,35.863719666239916,36.68350319954583
"FF","2025-02-28","94.2","-2.05","6.01","Cole, Gerrit",805796,543037,"strikeout","swinging_strike",,,,,11,"Arjun Nimmala strikes out swinging.","S","R","R","NYY","TOR","S",2,,0,2,2025,"-0.8","1.83","-0.85","3.37",,,623168,2,2,"Top",,,,,,,4.877969341058313,-137.04340983913443,-5.181863491268556,-11.204757856377244,32.622885716968604,-8.206943836411098,"3.25","1.64",,,,"93.6",2359,"6.1",779052,669224,502671,623205,665828,672724,622569,682987,641355,"54.38",,,"0",,0,0,,14,3,"4-Seam Fastball",2,0,0,2,0,2,0,2,"Standard","Standard",212,"0.014","-0.174","74.9","8.1",,"0.174",,2,-2,0.733,0.267,34,19,35,20,1,0,,,,,"0.75","0.8","0.8",,23.583191157590687,-33.96737415825974,24.797681092242158,26.177360778332215,38.17514229601993
"SL","2025-02-28","87.3","-2.1","6.04","Cole, Gerrit",805796,543037,,"called_strike",,,,,1,"Called Strike","S","R","R","NYY","TOR","S",,,0,1,2025,"0.75","0.13","-0.48","2.98",,,623168,2,2,"Top",,,,,,,2.322424030340484,-127.24518018918748,-1.500595654297066,7.740668764667612,25.776051887259825,-30.68968061894523,"3.25","1.64",,,,"87.1",2566,"6",779052,669224,502671,623205,665828,672724,622569,682987,641355,"54.49",,,,,,,,14,2,"Slider",2,0,0,2,0,2,0,2,"Standard","Standard",138,"0.005","-0.055",,,,"0.055",,2,-2,0.728,0.272,34,19,35,20,1,0,,,,,"2.85","-0.75","-0.75",,,,,,
"SI","2025-02-28","93.1","-2.1","5.96","Cole, Gerrit",805796,543037,,"called_strike",,,,,8,"Called Strike","S","R","R","NYY","TOR","S",,,0,0,2025,"-1.28","1.17","-0.21","1.8",,,623168,2,2,"Top",,,,,,,7.63107184455544,-135.20842816395148,-7.443762869678242,-17.320163808047226,29.779831535458243,-16.368923417612592,"3.25","1.64",,,,"92.7",2210,"6.2",779052,669224,502671,623205,665828,672724,622569,682987,641355,"54.29",,,,,,,,14,1,"Sinker",2,0,0,2,0,2,0,2,"Standard","Standard",206,"0.003","-0.042",,,,"0.042",,2,-2,0.725,0.275,34,19,35,20,1,0,,,,,"1.47","1.28","1.28",,,,,,
"SI","2025-02-28","93.9","-1.82","6.08","Cole, Gerrit",623168,543037,"hit_by_pitch","hit_by_pitch",,,,,14,"Tyler Heineman hit by pitch.","S","L","R","NYY","TOR","B",,,0,2,2025,"-1.16","1.29","1.69","2.27",,,,2,2,"Top",,,,,,,11.601761169741,-136.21353121362114,-6.971900616846279,-16.98179496075562,29.397709115229922,-14.640280846616923,"3.12","1.57",,,,"93.7",2257,"6.3",779052,669224,502671,623205,665828,672724,622569,682987,641355,"54.17",,,"0.7",,0,0,,13,3,"Sinker",2,0,0,2,0,2,0,2,"Infield shade","Standard",203,"-0.015","0.426",,,,"-0.426",,2,-2,0.74,0.26,34,34,35,34,1,0,,,,,"1.3","1.16","-1.16",,,,,,
"KC","2025-02-28","76.2","-1.98","6.1","Cole, Gerrit",623168,543037,,"called_strike",,,,,1,"Called Strike","S","L","R","NYY","TOR","S",,,0,1,2025,"0.78","-1.4","-0.78","2.67",,,,2,2,"Top",,,,,,,1.1087245264087702,-110.92437460358514,2.4196810295649103,6.205278606120482,22.062555691994692,-44.3377389645489,"3.12","1.57",,,,"75.6",2638,"6.1",779052,669224,502671,623205,665828,672724,622569,682987,641355,"54.44",,,,,,,,13,2,"Knuckle Curve",2,0,0,2,0,2,0,2,"Infield shade","Standard",37,"0.002","-0.057",,,,"0.057",,2,-2,0.738,0.262,34,34,35,34,1,0,,,,,"5.36","-0.78","0.78",,,,,,
"SL","2025-02-28","85.6","-2.17","6.13","Cole, Gerrit",623168,543037,,"swinging_strike",,,,,14,"Swinging Strike","S","L","R","NYY","TOR","S",,,0,0,2025,"0.42","0.26","0.17","1.34",,,,2,2,"Top",,,,,,,4.663199071229806,-124.66294331449569,-5.5877929159319635,3.5465742581227278,23.56783256292324,-28.573479100867935,"3.12","1.57",,,,"85.5",2503,"6",779052,669224,502671,623205,665828,672724,622569,682987,641355,"54.47",,,,,,,,13,1,"Slider",2,0,0,2,0,2,0,2,"Infield shade","Standard",144,"0.001","-0.043","65.8","8.4",,"0.043",,2,-2,0.737,0.263,34,34,35,34,1,0,,,,,"2.83","-0.42","0.42",,32.18663811989696,-56.91521620075581,28.897620606313243,33.70754148871738,64.60690913288587
"FF","2025-02-28","93.3","-2.05","6.15","Cole, Gerrit",702176,543037,"field_out","hit_into_play",,,,,2,"Alan Roden grounds out, shortstop Oswald Peraza to first baseman Paul Goldschmidt.","S","L","R","NYY","TOR","X",6,"ground_ball",0,2,2025,"-0.53","1.5","-0.22","3.1",,,,1,2,"Top",111.97,149,,,,,5.861693420261111,-135.67090499761593,-5.32159972756651,-7.906218241143375,30.960527404645813,-12.728331701189163,"3.18","1.6",53,"92.3",0,"92.9",2319,"6.2",779052,669224,502671,623205,665828,672724,622569,682987,641355,"54.32",0.362,,"0",,0,0,2,12,3,"4-Seam Fastball",2,0,0,2,0,2,0,2,"Infield shade","Standard",207,"0.01","-0.163","68.0","5.9",0.388,"0.163","92.3",2,-2,0.727,0.273,34,25,35,26,1,0,,,,,"1.13","0.53","-0.53",,-6.3750398018080645,7.85672944623938,28.415898451420983,37.40431528371241,23.338964010702846
"CH","2025-02-28","84.9","-2.04","6","Cole, Gerrit",702176,543037,,"foul",,,,,13,"Foul","S","L","R","NYY","TOR","S",,,0,1,2025,"-1.36","0.78","-0.91","1.66",,,,1,2,"Top",,,,,,,5.37671719288811,-123.43477074283453,-5.390465678760926,-15.012434653536495,23.81116779994177,-23.323189241314335,"3.18","1.6",2,"58.1",-46,"84.8",1752,"6.2",779052,669224,502671,623205,665828,672724,622569,682987,641355,"54.29",,,,,,,,12,2,"Changeup",2,0,0,2,0,2,0,2,"Infield shade","Standard",220,"0.004","-0.052","75.4","7.7",,"0.052","88.0",2,-2,0.723,0.277,34,25,35,26,1,0,,,,,"2.38","1.36","-1.36",,11.207850641783404,-10.281550151204003,29.523365420087433,45.63389016835801,40.57252839697466
"SI","2025-02-28","91","-1.83","6.16","Cole, Gerrit",702176,543037,,"called_strike",,,,,6,"Called Strike","S","L","R","NYY","TOR","S",,,0,0,2025,"-1.26","1.24","0.62","2.47",,,,1,2,"Top",,,,,,,8.808361395900967,-132.18080042889486,-5.942284145037218,-16.687532045666394,28.88087554199912,-16.55367230724585,"3.18","1.6",,,,"90.6",2197,"6.2",779052,669224,502671,623205,665828,672724,622569,682987,641355,"54.32",,,,,,,,12,1,"Sinker",2,0,0,2,0,2,0,2,"Infield shade","Standard",199,"0.002","-0.039",,,,"0.039",,2,-2,0.721,0.279,34,25,35,26,1,0,,,,,"1.53","1.26","-1.26",,,,,,
"SL","2025-02-28","84.9","-2.01","6.13","Cole, Gerrit",682619,543037,"field_out","hit_into_play",,,,,5,"Orelvis Martinez flies out to right fielder Cody Bellinger.","S","R","R","NYY","TOR","X",9,"fly_ball",0,1,2025,"0.53","0.02","0.16","2.56",,,,0,2,"Top",173.48,95.57,,,,,4.013085565949724,-123.76485845782678,-2.1545714546687487,4.771463226122574,22.26256563835786,-31.736876527939387,"3.17","1.6",284,"84.2",40,"84.9",2524,"6",779052,669224,502671,623205,665828,672724,622569,682987,641355,"54.5",0.013,,"0",,0,0,3,11,2,"Slider",2,0,0,2,0,2,0,2,"Standard","Standard",131,"0.02","-0.22","74.9","7.0",0.025,"0.22","88.0",2,-2,0.701,0.29900000000000004,34,23,35,24,1,0,,,,,"3.1","-0.53","-0.53",,3.5261820463132536,5.43314836561201,35.47938754082757,33.83434507689106,24.95797292410417
"SI","2025-02-28","91.6","-1.94","6.08","Cole, Gerrit",682619,543037,,"called_strike",,,,,4,"Called Strike","S","R","R","NYY","TOR","S",,,0,0,2025,"-1.03","1.2","-0.3","2.53",,,,0,2,"Top",,,,,,,6.350841275742844,-133.12680343641753,-5.672033847266771,-13.626388777389714,28.438210465618226,-16.887567008647682,"3.17","1.6",,,,"91.4",2250,"6.2",779052,669224,502671,623205,665828,672724,622569,682987,641355,"54.3",,,,,,,,11,1,"Sinker",2,0,0,2,0,2,0,2,"Standard","Standard",198,"0.003","-0.039",,,,"0.039",,2,-2,0.698,0.30200000000000005,34,23,35,24,1,0,,,,,"1.52","1.03","1.03",,,,,,
"FF","2025-02-28","95.1","-2.09","6.04","Cole, Gerrit",680718,543037,"strikeout","swinging_strike",,,,,12,"Addison Barger strikes out swinging.","S","L","R","NYY","TOR","S",2,,2,2,2025,"-0.77","1.57","0.23","3.99",,,695238,2,1,"Top",,,,,,,7.762720013819065,-138.16453073916244,-3.1726760333765904,-11.632949103225986,32.971984605275395,-11.613768403399508,"3.19","1.61",,,,"94.3",2348,"6.1",779052,669224,502671,623205,665828,672724,622569,682987,641355,"54.43",,,"0",,0,0,,4,5,"4-Seam Fastball",0,0,0,0,0,0,0,0,"Infield shade","Standard",213,"0.02","-0.216","68.2","5.5",,"0.216",,0,0,0.528,0.472,34,25,35,26,1,0,,,,,"0.97","0.77","-0.77",,-5.456403092387573,38.21788827789635,27.16861448769898,30.80733455741045,11.15760110590626
"FF","2025-02-28","96.1","-2.13","6.05","Cole, Gerrit",680718,543037,,"ball",,,,,11,"Ball","S","L","R","NYY","TOR","B",,,1,2,2025,"-0.84","1.64","-1.21","4.2",,,695238,2,1,"Top",,,,,,,4.340911950531081,-139.8376034148831,-3.013773173209142,-12.036327013942408,32.56276629853572,-10.158561735562328,"3.19","1.61",,,,"95.9",2361,"6.3",779052,669224,502671,623205,665828,672724,622569,682987,641355,"54.24",,,,,,,,4,4,"4-Seam Fastball",0,0,0,0,0,0,0,0,"Infield shade","Standard",208,"-0.004","0.033",,,,"-0.033",,0,0,0.532,0.46799999999999997,34,25,35,26,1,0,,,,,"0.83","0.84","-0.84",,,,,,
"FF","2025-02-28","94.9","-2.04","6.05","Cole, Gerrit",680718,543037,,"foul",,,,,5,"Foul","S","L","R","NYY","TOR","S",,,1,1,2025,"-0.56","1.47","0.19","2.32",,,695238,2,1,"Top",,,,,,,7.090161446028109,-137.87791389048672,-7.350852988410799,-8.807593773436938,31.339338198475744,-11.934945616548081,"3.19","1.61",175,"77.9",56,"94.8",2370,"6.3",779052,669224,502671,623205,665828,672724,622569,682987,641355,"54.15",,,,,,,,4,3,"4-Seam Fastball",0,0,0,0,0,0,0,0,"Infield shade","Standard",210,"0.005","-0.073","78.4","7.4",,"0.073","88.0",0,0,0.527,0.473,34,25,35,26,1,0,,,,,"1.07","0.56","-0.56",,6.518210887293996,8.40658913651007,34.223557658058645,31.53464293184374,22.99991898398153
"CH","2025-02-28","85.6","-2.14","5.98","Cole, Gerrit",680718,543037,,"ball",,,,,11,"Ball","S","L","R","NYY","TOR","B",,,0,1,2025,"-1.25","0.87","-1.56","2.44",,,695238,2,1,"Top",,,,,,,3.8967964795100816,-124.64787299621065,-3.829691251408597,-13.833135428393495,25.569304675541062,-22.56158450159362,"3.19","1.61",,,,"85.7",1745,"6.3",779052,669224,502671,623205,665828,672724,622569,682987,641355,"54.16",,,,,,,,4,2,"Changeup",0,0,0,0,0,0,0,0,"Infield shade","Standard",218,"-0.002","0.027",,,,"-0.027",,0,0,0.529,0.471,34,25,35,26,1,0,,,,,"2.24","1.25","-1.25",,,,,,
"KC","2025-02-28","79","-2.01","6.11","Cole, Gerrit",680718,543037,,"called_strike",,,,,7,"Called Strike","S","L","R","NYY","TOR","S",,,0,0,2025,"0.88","-1.24","-0.3","1.5",,,695238,2,1,"Top",,,,,,,2.060439261524017,-115.0245160137463,-0.8242886031513381,7.290960025566664,24.76998348342994,-43.142965794584676,"3.19","1.61",,,,"78.3",2711,"6.2",779052,669224,502671,623205,665828,672724,622569,682987,641355,"54.35",,,,,,,,4,1,"Knuckle Curve",0,0,0,0,0,0,0,0,"Infield shade","Standard",32,"0.003","-0.042",,,,"0.042",,0,0,0.526,0.474,34,25,35,26,1,0,,,,,"4.94","-0.88","0.88",,,,,,
"KC","2025-02-28","80.9","-2.02","6.05","Cole, Gerrit",695238,543037,"single","hit_into_play",,,,,4,"Will Wagner singles on a sharp line drive to left fielder Pablo Reyes.","S","L","R","NYY","TOR","X",7,"line_drive",1,1,2025,"0.77","-1.35","-0.58","2.57",,,,2,1,"Top",95.63,110.48,,,,,1.7459970100829698,-117.77954378862235,1.5073109053063052,6.724531053283757,24.87064866176314,-45.14975656225341,"3.19","1.61",196,"101.1",11,"80.3",2805,"6.1",779052,669224,502671,623205,665828,672724,622569,682987,641355,"54.4",0.919,,"0.9",,1,0,4,3,3,"Knuckle Curve",0,0,0,0,0,0,0,0,"Standard","Standard",36,"-0.012","0.342","67.6","6.1",1.129,"-0.342","101.1",0,0,0.538,0.46199999999999997,34,26,35,27,1,0,,,,,"4.86","-0.77","0.77",,-2.7552139678460184,15.976499191634954,28.091107402353526,41.99056765353999,20.69510056250905
"SI","2025-02-28","95.2","-1.96","6.05","Cole, Gerrit",695238,543037,,"foul",,,,,6,"Foul","S","L","R","NYY","TOR","S",,,1,0,2025,"-0.9","1.45","0.43","2.47",,,,2,1,"Top",,,,,,,8.268913218705965,-138.25505790130572,-6.972558758632791,-13.44455440897813,31.251320346839154,-12.204670947377798,"3.19","1.61",191,"68.5",46,"95",2410,"6.3",779052,669224,502671,623205,665828,672724,622569,682987,641355,"54.2",,,,,,,,3,2,"Sinker",0,0,0,0,0,0,0,0,"Infield shade","Standard",208,"0.001","-0.054","65.7","5.7",,"0.054","88.0",0,0,0.537,0.46299999999999997,34,26,35,27,1,0,,,,,"1.08","0.9","-0.9",,-8.024901275889327,9.443860642595295,40.32370380091367,29.573073846801645,17.59130498892557
"SI","2025-02-28","95","-2.02","6.01","Cole, Gerrit",695238,543037,,"ball",,,,,13,"Ball","S","L","R","NYY","TOR","B",,,0,0,2025,"-1.34","1.07","-0.44","1.3",,,,2,1,"Top",,,,,,,7.137575355464537,-138.0243795459163,-9.079548659069676,-18.76226826847545,29.92525582095733,-16.67471615929679,"3.19","1.61",,,,"94.9",2293,"6.3",779052,669224,502671,623205,665828,672724,622569,682987,641355,"54.24",,,,,,,,3,1,"Sinker",0,0,0,0,0,0,0,0,"Infield shade","Standard",211,"-0.001","0.037",,,,"-0.037",,0,0,0.538,0.46199999999999997,34,26,35,27,1,0,,,,,"1.46","1.34","-1.34",,,,,,
"FF","2025-02-28","95.6","-2","6.12","Cole, Gerrit",623993,543037,"field_out","hit_into_play",,,,,2,"Anthony Santander flies out to left fielder Pablo Reyes.","S","L","R","NYY","TOR","X",7,"fly_ball",1,0,2025,"-0.64","1.73","0.26","3.01",,,,1,1,"Top",68.42,130.09,,,,,7.3693535771518945,-139.00865239158114,-6.4619000898209595,-9.933198262449551,31.37834405583072,-8.413447861196714,"3.23","1.63",224,"74",41,"95.3",2444,"6.2",779052,669224,502671,623205,665828,672724,622569,682987,641355,"54.33",0.23,,"0",,0,0,3,2,2,"4-Seam Fastball",0,0,0,0,0,0,0,0,"Infield shade","Standard",210,"0.018","-0.293","62.7","5.8",0.296,"0.293","88.0",0,0,0.52,0.48,34,30,35,31,1,0,,,,,"0.77","0.64","-0.64",,-2.4712546633702104,10.016080466857574,27.499325343509913,30.329206979775833,20.30961216285719
"KC","2025-02-28","80.2","-1.95","6.11","Cole, Gerrit",623993,543037,,"ball",,,,,8,"Ball","S","L","R","NYY","TOR","B",,,0,0,2025,"0.9","-1.44","0.21","1.57",,,,1,1,"Top",,,,,,,3.0564140744523045,-116.72832764878731,-0.5132433732763462,7.513567812047767,25.151383940016796,-45.34505033569388,"3.23","1.63",,,,"79.5",2837,"6.1",779052,669224,502671,623205,665828,672724,622569,682987,641355,"54.4",,,,,,,,2,1,"Knuckle Curve",0,0,0,0,0,0,0,0,"Infield shade","Standard",33,"-0.002","0.039",,,,"-0.039",,0,0,0.522,0.478,34,30,35,31,1,0,,,,,"5.03","-0.9","0.9",,,,,,
"CH","2025-02-28","87.5","-1.96","5.92","Cole, Gerrit",694388,543037,"strikeout","swinging_strike",,,,,1,"Joey Loperfido strikes out swinging.","S","L","R","NYY","TOR","S",2,,1,2,2025,"-1.22","0.84","-0.76","3.03",,,,0,1,"Top",,,,,,,5.3762456360516415,-127.33352466055463,-2.5793719202349625,-14.354664728400605,25.274347176687026,-22.746521289546433,"3.31","1.67",,,,"87.4",1755,"6.2",779052,669224,502671,623205,665828,672724,622569,682987,641355,"54.34",,,"0",,0,0,,1,4,"Changeup",0,0,0,0,0,0,0,0,"Infield shade","Standard",215,"0.016","-0.189","74.4","7.2",,"0.189",,0,0,0.506,0.494,34,26,35,26,1,0,,,,,"2.13","1.22","-1.22",,12.824416450545227,8.807475800345886,32.12292696035317,48.53944533111161,20.12376009785543
"SI","2025-02-28","94.9","-1.93","5.98","Cole, Gerrit",694388,543037,,"ball",,,,,13,"Ball","S","L","R","NYY","TOR","B",,,0,2,2025,"-1.22","1.22","-0.36","1.54",,,,0,1,"Top",,,,,,,6.845962827460044,-137.77768964701383,-8.642633497540249,-17.11651598087935,30.77986849964381,-14.808413925838964,"3.31","1.67",,,,"94.7",2264,"6.3",779052,669224,502671,623205,665828,672724,622569,682987,641355,"54.21",,,,,,,,1,3,"Sinker",0,0,0,0,0,0,0,0,"Infield shade","Standard",208,"-0.002","0.024",,,,"-0.024",,0,0,0.508,0.492,34,26,35,26,1,0,,,,,"1.32","1.22","-1.22",,,,,,
"FF","2025-02-28","93.7","-2.05","6.08","Cole, Gerrit",694388,543037,,"called_strike",,,,,6,"Called Strike","S","L","R","NYY","TOR","S",,,0,1,2025,"-0.55","1.68","0.3","2.77",,,,0,1,"Top",,,,,,,7.284687227834327,-136.13100711452915,-6.495952887322018,-8.476692497350777,30.1216246951881,-10.046762517748427,"3.31","1.67",,,,"93.5",2268,"6.3",779052,669224,502671,623205,665828,672724,622569,682987,641355,"54.22",,,,,,,,1,2,"4-Seam Fastball",0,0,0,0,0,0,0,0,"Infield shade","Standard",211,"0.005","-0.055",,,,"0.055",,0,0,0.503,0.497,34,26,35,26,1,0,,,,,"0.93","0.55","-0.55",,,,,,
"FF","2025-02-28","95","-1.88","6.18","Cole, Gerrit",694388,543037,,"foul",,,,,5,"Foul","S","L","R","NYY","TOR","S",,,0,0,2025,"-0.65","1.57","0.1","2.6",,,,0,1,"Top",,,,,,,6.614185848206277,-138.05682950755005,-7.181827581500633,-9.804940367791895,33.134331615285085,-10.675403606509056,"3.31","1.67",259,"87.7",26,"94.3",2393,"6.1",779052,669224,502671,623205,665828,672724,622569,682987,641355,"54.35",,,,,,,,1,1,"4-Seam Fastball",0,0,0,0,0,0,0,0,"Infield shade","Standard",205,"0.003","-0.039","77.6","6.4",,"0.039","88.0",0,0,0.5,0.5,34,26,35,26,1,0,,,,,"0.98","0.65","-0.65",,-0.9805726630103617,19.601590686737026,42.40839076724226,35.99433474707543,15.912921894102208